-- phpMyAdmin SQL Dump
-- version 4.8.5
-- https://www.phpmyadmin.net/
--
-- Host: 127.0.0.1
-- Waktu pembuatan: 23 Bulan Mei 2020 pada 03.16
-- Versi server: 10.1.39-MariaDB
-- Versi PHP: 7.3.5

SET SQL_MODE = "NO_AUTO_VALUE_ON_ZERO";
SET AUTOCOMMIT = 0;
START TRANSACTION;
SET time_zone = "+00:00";


/*!40101 SET @OLD_CHARACTER_SET_CLIENT=@@CHARACTER_SET_CLIENT */;
/*!40101 SET @OLD_CHARACTER_SET_RESULTS=@@CHARACTER_SET_RESULTS */;
/*!40101 SET @OLD_COLLATION_CONNECTION=@@COLLATION_CONNECTION */;
/*!40101 SET NAMES utf8mb4 */;

--
-- Database: `eduponmaps`
--

-- --------------------------------------------------------

--
-- Struktur dari tabel `bangunan`
--

CREATE TABLE `bangunan` (
  `bangunan_id` int(11) NOT NULL,
  `bangunan_nama` varchar(128) DEFAULT NULL,
  `bangunan_lat` varchar(128) DEFAULT NULL,
  `bangunan_long` varchar(128) DEFAULT NULL,
  `bangunan_gambar` varchar(128) NOT NULL,
  `bangunan_alamat` varchar(128) NOT NULL,
  `bangunan_kategori_id` int(4) DEFAULT NULL,
  `kecamatan_id` int(11) NOT NULL
) ENGINE=InnoDB DEFAULT CHARSET=utf8;

--
-- Dumping data untuk tabel `bangunan`
--

INSERT INTO `bangunan` (`bangunan_id`, `bangunan_nama`, `bangunan_lat`, `bangunan_long`, `bangunan_gambar`, `bangunan_alamat`, `bangunan_kategori_id`, `kecamatan_id`) VALUES
(1, 'SMA Negeri 1 Pontianak', '-0.042207', '109.32965', '0', '0', 4, 2),
(2, 'SMP Negeri 3 Pontianak', '-0.041805', '109.328787', '0', '0', 3, 2),
(3, 'SMA Negeri 7 Pontianak', '-0.045506', '109.327515', '0', '0', 4, 2),
(4, 'KINDERFIELD PRESCHOOL AND KINDERGARTEN', '-0.051649', '109.329693', '4.jpg', 'Alamat Tidak Diketahui', 1, 2),
(5, 'MA AL-HASANI', '-0.017313', '109.316027', '0', '0', 4, 4),
(6, 'MAN 1 PONTIANAK', '-0.014620', '109.320044', '0', '0', 4, 4),
(7, 'MAN 2 PONTIANAK', '-0.038480', '109.334833', '0', '0', 4, 2),
(8, 'MAS AL-ADABIY PONTIANAK', '-0.044996', '109.309759', '0', '0', 4, 1),
(9, 'MAS AL-ANWAR PONTIANAK', '-0.015744', '109.343551', '0', '0', 4, 5),
(10, 'SLB AUTIS', '-0.0126178', '109.3469014', '10.jpeg', 'Alamat Tidak Diketahui', 1, 1),
(11, 'MIN BANGKA BELITUNG PONTIANAK', '-0.0610299', '109.3558933', '0', 'Pontianak', 2, 2),
(12, 'MIN PAAL LIMA PONTIANAK', '-0.0307525', '109.2906271', '0', '0', 2, 4),
(13, 'MIN TELADAN', '-0.0158315', '109.3261201', '0', '0', 2, 1),
(14, 'MIS AL ANWAR', '-0.0158315', '109.341441', '0', '0', 2, 5),
(15, 'MIS AL IHSAN', '-0.0015513', '109.3537457', '0', '0', 2, 5),
(16, 'MIS AL JIHAD', '-0.0163306', '109.323083', '0', '0', 2, 4),
(17, 'MIS AL-IKHWAH', '-0.0385259', '109.3171392', '0', '0', 2, 1),
(18, 'MIS AL-ITQON', '-0.0120039', '109.3409808', '0', '0', 2, 5),
(19, 'MIS ASY-SYAMSIAH', '-0.0299968', '109.3681739', '0', '0', 2, 3),
(20, 'MIS BAWARI', '-0.0217655', '109.3273841', '0', '0', 2, 1),
(21, 'MIS DARUL FALAH', '-0.0148767', '109.3108501', '0', '0', 2, 4),
(22, 'MIS DARUSSALAM', '-0.0321381', '109.2447898', '0', '0', 2, 3),
(23, 'MIS HUSNUL YAQIN', '-0.0001217', '109.3458663', '0', '0', 2, 5),
(24, 'MIS MIFTAHUL ULUM', '-0.0441523', '109.2725648', '0', '0', 2, 5),
(25, 'MIS NAHDLATUL ULAMA 2', '-0.0228689', '109.2911284', '0', '0', 2, 2),
(26, 'MIS NAHDLATUL ULAMA 3', '-0.0036656', '109.2993082', '0', '0', 2, 4),
(27, 'MIS NURUL IHSAN', '-0.0074686', '109.341664', '0', '0', 2, 5),
(28, 'MIS RAUDLATUSSAADAH', '-0.0154998', '109.3486099', '0', '0', 2, 5),
(29, 'MIS SYARIF ABDURRACHMAN (DDI)', '-0.0250059', '109.3263369', '0', '0', 2, 1),
(30, 'MIS TARBIYATUL ATHFAL', '-0.0128291', '109.2956628', '0', '0', 2, 4),
(31, 'SD ADICITA MULIA', '-0.0424685', '109.3148984', '0', '0', 2, 1),
(32, 'SD BAWAMAI', '-0.030913,', '109.328213', '0', '0', 2, 1),
(33, 'SD BINA MULIA', '-0.0575234', '109.3550966', '0', '0', 2, 6),
(34, 'SD BRUDER MELATI', '-0.0277951', '109.3372069', '0', '0', 2, 1),
(35, 'SD BUDI BAIK', '-0.0311031', '109.3389363', '0', '0', 2, 2),
(36, 'SD FAJAR HARAPAN', '-0.017623,', '109.3418634', '0', '0', 2, 5),
(37, 'SD GEMBALA BAIK 1', '-0.028067,', '109.344837', '0', '0', 2, 2),
(38, 'SD ISLAM AL MUKHLISUN', '-0.0728839', '109.349680', '0', '0', 2, 6),
(39, 'SD ISLAM AL-AZHAR 21', '-0.0580628', '109.3510598', '0', '0', 2, 6),
(40, 'SD ISLAM AL-BAISUNY', '-0.0508315', '109.3045966', '0', '0', 2, 1),
(41, 'SD ISLAM ASHABUL KAHFI', '-0.0158533', '109.324336', '0', '0', 2, 5),
(42, 'SD ISLAM MIFTAHUSSHOLIHIN', '-0.0248121', '109.2562308', '0', '0', 2, 5),
(43, 'SD ISLAM MUTASHIM BILLAH', '-0.0733326', '109.314610', '0', '0', 2, 2),
(44, 'SD ISLAM SEMESTA KHATULISTIWA', '-0.0327571', '109.3279932', '0', '0', 2, 1),
(45, 'SD ISLAM SIRAJUN JADID', '-0.0187574', '109.2835077', '0', '0', 2, 4),
(46, 'SD ISLAM TERPADU AL MUMTAZ', '-0.0328329', '109.3157594', '0', '0', 2, 1),
(47, 'SD ISLAM TERPADU AL-HIKMAH', '-0.02941,1', '109.2878905', '0', '0', 2, 1),
(48, 'SD ISLAM TERPADU HARUNIYAH', '-0.0358249', '109.3512617', '0', '0', 2, 3),
(49, 'SD IT DARUL IHSAN', '-0.008908 ', '109.315027', '0', '0', 2, 4),
(50, 'SD KARTIKA V-8', '-0.031432 ', '109.322091', '0', '0', 2, 1),
(51, 'SD KATOLIK KARYA YOSEF', '-0.037867,', '109.3232483', '0', '0', 2, 1),
(52, 'SD KATOLIK MARIE JOSEPH', '-0.027465 ', '109.321483', '0', '0', 2, 1),
(53, 'SD KRISTEN IMMANUEL', '-0.027714,', '109.339678', '0', '0', 2, 1),
(54, 'SD KRISTEN KALAM KUDUS', '-0.0512359', '109.2973188', '0', '0', 2, 2),
(55, 'SD KRISTEN MARANATHA', '-0.0185998', '109.3445766', '0', '0', 2, 5),
(56, 'SD LKIA', '-0.0375119', '109.3326347', '0', '0', 2, 2),
(57, 'SD MAZMUR 21', '-0.0452872', '109.3457354', '0', '0', 2, 2),
(58, 'SD MUHAMMADIYAH 1', '-0.048084 ', '109.315830', '0', '0', 2, 1),
(59, 'SD MUHAMMADIYAH 2', '-0.0388956', '109.3346866', '0', '0', 2, 2),
(60, 'SD MUHAMMADIYAH 3', '-0.020268 ', '109.334503', '0', '0', 2, 1),
(61, 'SD MUJAHIDIN', '-0.0432125', '109.3378036', '0', '0', 2, 2),
(62, 'SD MULIA DHARMA', '-0.032705,', '109.334596', '0', '0', 2, 2),
(63, 'SD NEGERI 01 PONTIANAK SELATAN', '-0.0401709', '109.3386272', '0', '0', 2, 2),
(64, 'SD NEGERI 01 PONTIANAK UTARA', '-0.0118905', '109.3345223', '0', '0', 2, 5),
(65, 'SD NEGERI 02 PONTIANAK TIMUR', '-0.0337958', '109.3470414', '0', '0', 2, 3),
(66, 'SD NEGERI 02 PONTIANAK UTARA', '-0.0189325', '109.350396', '0', '5', 1, 1),
(67, 'SD NEGERI 03 PONTIANAK KOTA', '-0.025483 ', '109.325804', '0', '0', 2, 1),
(68, 'SD NEGERI 03 PONTIANAK SELATAN', '-0.044842,', '109.328661', '0', '0', 2, 2),
(69, 'SD NEGERI 03 PONTIANAK TIMUR', '-0.0410141', '109.362979', '0', '0', 2, 3),
(70, 'SD NEGERI 04 PONTIANAK BARAT', '-0.010119 ', '109.311532', '0', '0', 2, 4),
(71, 'SD NEGERI 04 PONTIANAK TIMUR', '-0.0263752', '109.3685858', '0', '0', 2, 3),
(72, 'SD NEGERI 05 PONTIANAK KOTA', '-0.0229823', '109.3343679', '0', '0', 2, 1),
(73, 'SD NEGERI 05 PONTIANAK SELATAN', '-0.0328799', '109.3443961', '0', '0', 2, 2),
(74, 'SD NEGERI 05 PONTIANAK TIMUR', '-0.0289385', '109.3522198', '0', '0', 2, 3),
(75, 'SD NEGERI 05 PONTIANAK UTARA', '-0.0011459', '109.356905', '0', '0', 2, 5),
(76, 'SD NEGERI 06 PONTIANAK KOTA', '-0.0220362', '109.302008', '0', '0', 2, 1),
(77, 'SD NEGERI 06 PONTIANAK SELATAN', '-0.035813,', '109.337001', '0', '0', 2, 2),
(78, 'SD NEGERI 06 PONTIANAK TIMUR', '-0.0423343', '109.3617344', '0', '0', 2, 3),
(79, 'SD NEGERI 06 PONTIANAK UTARA', '-0.002862,', '109.3298417', '0', '0', 2, 5),
(80, 'SD NEGERI 07 PONTIANAK KOTA', '-0.019397 ', '109.333172', '0', '0', 2, 1),
(81, 'SD NEGERI 07 PONTIANAK TIMUR', '-0.0293745', '109.3449957', '0', '0', 2, 3),
(82, 'SD NEGERI 07 PONTIANAK UTARA', '-0.0114699', '109.3423097', '0', '0', 2, 5),
(83, 'SD NEGERI 08 PONTIANAK BARAT', '-0.006267 ', '109.307636', '0', '0', 2, 4),
(84, 'SD NEGERI 08 PONTIANAK SELATAN', '-0.0324027', '109.325897', '0', '0', 2, 2),
(85, 'SD NEGERI 08 PONTIANAK UTARA', '-0.00711,1', '109.300673', '0', '0', 2, 5),
(86, 'SD NEGERI 09 PONTIANAK BARAT', '-0.020367,', '109.2966075', '0', '0', 2, 4),
(87, 'SD NEGERI 09 PONTIANAK TENGGARA', '-0.0248428', '109.340492', '0', '0', 2, 6),
(88, 'SD NEGERI 09 PONTIANAK TIMUR', '-0.0558156', '109.3612078', '0', '0', 2, 3),
(89, 'SD NEGERI 09 PONTIANAK UTARA', '-0.0007634', '109.3668671', '0', '0', 2, 5),
(90, 'SD NEGERI 10 PONTIANAK TIMUR', '-0.0496571', '109.3576738', '0', '0', 2, 3),
(91, 'SD NEGERI 10 PONTIANAK UTARA', '-0.0156185', '109.3490007', '0', '0', 2, 5),
(92, 'SD NEGERI 11 PONTIANAK KOTA', '-0.03814,1', '109.316627', '0', '0', 2, 1),
(93, 'SD NEGERI 11 PONTIANAK TIMUR', '-0.0344131', '109.353977', '0', '0', 2, 3),
(94, 'SD NEGERI 12 PONTIANAK KOTA', '-0.0347629', '109.3018005', '0', '0', 2, 1),
(95, 'SD NEGERI 12 PONTIANAK SELATAN', '-0.0537007', '109.3317376', '0', '0', 2, 2),
(96, 'SD NEGERI 12 PONTIANAK TIMUR', '-0.0327763', '109.3520992', '0', '0', 2, 3),
(97, 'SD NEGERI 13 PONTIANAK BARAT', '-0.037652 ', '109.287864', '0', '0', 2, 4),
(98, 'SD NEGERI 13 PONTIANAK TIMUR', '-0.0253623', '109.3316353', '0', '0', 2, 3),
(99, 'SD NEGERI 13 PONTIANAK UTARA', '-0.0083903', '109.3347871', '0', '0', 2, 5),
(100, 'SD NEGERI 14 PONTIANAK KOTA', '-0.023687,', '109.3186815', '0', '0', 2, 1),
(101, 'SD NEGERI 14 PONTIANAK SELATAN', '-0.0540629', '109.3320818', '0', '0', 2, 2),
(102, 'SD NEGERI 14 PONTIANAK TIMUR', '-0.023687,', '109.3274363', '0', '0', 2, 3),
(103, 'SD NEGERI 14 PONTIANAK UTARA', '-0.0113521', '109.3434577', '0', '0', 2, 5),
(104, 'SD NEGERI 15 PONTIANAK SELATAN', '-0.0585036', '109.3303109', '0', '0', 2, 2),
(105, 'SD NEGERI 15 PONTIANAK UTARA', '-0.0152553', '109.3527833', '0', '0', 2, 5),
(106, 'SD NEGERI 16 PONTIANAK KOTA', '-0.026961 ', '109.319447', '0', '0', 2, 1),
(107, 'SD NEGERI 16 PONTIANAK SELATAN', '-0.051471 ', '109.318476', '0', '0', 2, 2),
(108, 'SD NEGERI 16 PONTIANAK TIMUR', '-0.0419109', '109.359552', '0', '0', 2, 3),
(109, 'SD NEGERI 16 PONTIANAK UTARA', '-0.015328,', '109.366946', '0', '0', 2, 5),
(110, 'SD NEGERI 17 PONTIANAK KOTA', '-0.0388869', '109.2923583', '0', '0', 2, 1),
(111, 'SD NEGERI 17 PONTIANAK UTARA', '-0.0119484', '109.3598565', '0', '0', 2, 5),
(112, 'SD NEGERI 18 PONTIANAK BARAT', '-0.0308562', '109.2586902', '0', '0', 2, 4),
(113, 'SD NEGERI 18 PONTIANAK UTARA', '-0.0072817', '109.3467387', '0', '0', 2, 5),
(114, 'SD NEGERI 19 PONTIANAK TENGGARA', '-0.0593234', '109.3599331', '0', '0', 2, 6),
(115, 'SD NEGERI 19 PONTIANAK UTARA', '-0.0128047', '109.3648213', '0', '0', 2, 5),
(116, 'SD NEGERI 20 PONTIANAK SELATAN', '-0.0383649', '109.342516', '0', '0', 2, 2),
(117, 'SD NEGERI 21 PONTIANAK BARAT', '-0.0176612', '109.3080573', '0', '0', 2, 4),
(118, 'SD NEGERI 21 PONTIANAK TIMUR', '-0.0254995', '109.3597386', '0', '0', 2, 3),
(119, 'SD NEGERI 21 PONTIANAK UTARA', '-0.010279,', '109.3319714', '0', '0', 2, 5),
(120, 'SD NEGERI 22 PONTIANAK BARAT', '-0.016801 ', '109.321861', '0', '0', 2, 4),
(121, 'SD NEGERI 23 PONTIANAK BARAT', '-0.013963,', '109.3078225', '0', '0', 2, 4),
(122, 'SD NEGERI 23 PONTIANAK TIMUR', '-0.0383079', '109.35601', '0', '0', 2, 3),
(123, 'SD NEGERI 24 PONTIANAK KOTA', '-0.0319937', '109.2779767', '0', '0', 2, 1),
(124, 'SD NEGERI 24 PONTIANAK TENGGARA', '-0.0501181', '109.3515808', '0', '0', 2, 6),
(125, 'SD NEGERI 24 PONTIANAK TIMUR', '-0.026012,', '109.374352', '0', '0', 2, 3),
(126, 'SD NEGERI 24 PONTIANAK UTARA', '-0.0072106', '109.3313489', '0', '0', 2, 5),
(127, 'SD NEGERI 25 PONTIANAK UTARA', '-0.0055141', '109.3310211', '0', '0', 2, 5),
(128, 'SD NEGERI 26 PONTIANAK TENGGARA', '-0.0709348', '109.360205', '0', '0', 2, 6),
(129, 'SD NEGERI 27 PONTIANAK TENGGARA', '-0.0493619', '109.3601589', '0', '0', 2, 6),
(130, 'SD NEGERI 27 PONTIANAK TIMUR', '-0.0308712', '109.3704793', '0', '0', 2, 3),
(131, 'SD NEGERI 27 PONTIANAK UTARA', '-0.0027559', '109.3338002', '0', '0', 2, 5),
(132, 'SD NEGERI 28 PONTIANAK KOTA', '-0.024569 ', '109.322172', '0', '0', 2, 1),
(133, 'SD NEGERI 28 PONTIANAK SELATAN', '-0.0293035', '109.333329', '0', '0', 2, 2),
(134, 'SD NEGERI 28 PONTIANAK TIMUR', '-0.0234646', '109.354029', '0', '0', 2, 3),
(135, 'SD NEGERI 28 PONTIANAK UTARA', '-0.0024096', '109.3220068', '0', '0', 2, 5),
(136, 'SD NEGERI 29 PONTIANAK KOTA', '-0.0389128', '109.2440943', '0', '0', 2, 1),
(137, 'SD NEGERI 29 PONTIANAK TIMUR', '-0.0275732', '109.3754717', '0', '0', 2, 3),
(138, 'SD NEGERI 29 PONTIANAK UTARA', '-0.0069349', '109.311401', '0', '0', 2, 5),
(139, 'SD NEGERI 30 PONTIANAK SELATAN', '-0.0497746', '109.3340782', '0', '0', 2, 2),
(140, 'SD NEGERI 30 PONTIANAK UTARA', '-0.007691,', '109.339102', '0', '0', 2, 5),
(141, 'SD NEGERI 31 PONTIANAK BARAT', '-0.0171879', '109.2929875', '0', '0', 2, 4),
(142, 'SD NEGERI 31 PONTIANAK TENGGARA', '-0.060061,', '109.34968', '0', '0', 2, 6),
(143, 'SD NEGERI 31 PONTIANAK UTARA', '-0.0062113', '109.3282307', '0', '0', 2, 5),
(144, 'SD NEGERI 32 PONTIANAK TENGGARA', '-0.077876,', '109.316671', '0', '0', 2, 6),
(145, 'SD NEGERI 32 PONTIANAK UTARA', '-0.0165882', '109.3266442', '0', '0', 2, 5),
(146, 'SD NEGERI 33 PONTIANAK BARAT', '-0.019676 ', '109.315177', '0', '0', 2, 4),
(147, 'SD NEGERI 33 PONTIANAK UTARA', '-0.017909 ', '109.367633', '0', '0', 2, 5),
(148, 'SD NEGERI 34 PONTIANAK KOTA', '-0.051530 ', '109.314989', '0', '0', 2, 1),
(149, 'SD NEGERI 34 PONTIANAK SELATAN', '-0.049189 ', '109.318520', '0', '0', 2, 2),
(150, 'SD NEGERI 35 PONTIANAK SELATAN', '-0.059371,', '109.3085343', '0', '0', 2, 2),
(151, 'SD NEGERI 35 PONTIANAK UTARA', '-0.0141883', '109.3782693', '0', '0', 2, 5),
(152, 'SD NEGERI 36 PONTIANAK KOTA', '-0.0465249', '109.3164921', '0', '0', 2, 1),
(153, 'SD NEGERI 36 PONTIANAK SELATAN', '-0.0643511', '109.3258679', '0', '0', 2, 2),
(154, 'SD NEGERI 37 PONTIANAK TENGGARA', '-0.058191,', '109.363421', '0', '0', 2, 6),
(155, 'SD NEGERI 39 PONTIANAK KOTA', '-0.027213 ', '109.319168', '0', '0', 2, 1),
(156, 'SD NEGERI 39 PONTIANAK UTARA', '-0.0054879', '109.3221113', '0', '0', 2, 5),
(157, 'SD NEGERI 40 PONTIANAK UTARA', '-0.013099 ', '109.348222', '0', '0', 2, 5),
(158, 'SD NEGERI 41 PONTIANAK UTARA', '-0.01315,1', '109.3575253', '0', '0', 2, 5),
(159, 'SD NEGERI 42 PONTIANAK KOTA', '-0.059609,', '109.306375', '0', '0', 2, 1),
(160, 'SD NEGERI 44 PONTIANAK BARAT', '-0.006608 ', '109.315322', '0', '0', 2, 4),
(161, 'SD NEGERI 50 PONTIANAK BARAT', '-0.010639 ', '109.316874', '0', '0', 2, 4),
(162, 'SD NEGERI 52 PONTIANAK KOTA', '-0.024246,', '109.3281323', '0', '0', 2, 1),
(163, 'SD NEGERI 54 PONTIANAK BARAT', '-0.010859,', '109.322839', '0', '0', 2, 4),
(164, 'SD NEGERI 55 PONTIANAK BARAT', '-0.006029 ', '109.310751', '0', '0', 2, 4),
(165, 'SD NEGERI 56 PONTIANAK BARAT', '-0.007048 ', '109.298043', '0', '0', 2, 4),
(166, 'SD NEGERI 66 PONTIANAK KOTA', '-0.034941 ', '109.301004', '0', '0', 2, 1),
(167, 'SD NEGERI 68 PONTIANAK BARAT', '-0.006012 ', '109 .288756', '0', '0', 2, 4),
(168, 'SD NEGERI 71 PONTIANAK BARAT', '-0.006523 ', '109.302742', '0', '0', 2, 4),
(169, 'SD NEGERI 72 PONTIANAK BARAT', '-0.006110 ', '109.302750', '0', '0', 2, 4),
(170, 'SD NEGERI 73 PONTIANAK BARAT', '-0.006501 ', '109.308536', '0', '0', 2, 4),
(171, 'SD NEGERI 74 PONTIANAK BARAT', '-0.0242462', '109.2587177', '0', '0', 2, 4),
(172, 'SD PASIFIKUS', '-0.0528201', '109.3301072', '0', '0', 2, 2),
(173, 'SD PELITA CEMERLANG', '-0.055123,', '109.344749', '0', '0', 2, 6),
(174, 'SD PELITA HARAPAN', '-0.004194 ', '109.308632', '0', '0', 2, 4),
(175, 'SD PERTIWI', '-0.0450485', '109.3527215', '0', '0', 2, 6),
(176, 'SD PLUS BINA EMPAT LIMA', '-0.0387329', '109.3541866', '0', '0', 2, 3),
(177, 'SD PLUS GEMBALA BAIK', '-0.0678367', '109.3585988', '0', '0', 2, 6),
(178, 'SD SALOMO', '-0.0429237', '109.3313907', '0', '0', 2, 2),
(179, 'SD SUSTER', '-0.0260449', '109.3364287', '0', '0', 2, 1),
(180, 'SD TEOLOGI KRISTEN SETIA', '-0.0039915', '109.3551971', '0', '0', 2, 5),
(181, 'SDIT Al Madinah', '-0.0470966', '109.3005853', '0', '0', 2, 1),
(182, 'SDIT AL-KARIMAH', '-3.1470723', '108.134381', '0', '0', 2, 6),
(183, 'SDLB BINA ANAK BANGSA', '-0.052276 ', '109.308009', '0', '0', 2, 1),
(184, 'SDLB-B DHARMA ASIH PONTIANAK', '-0.068345,', '109.359791', '0', '0', 2, 6),
(185, 'SDLB-C DHARMA ASIH PONTIANAK', '-0.068345,', '109.359791', '0', '0', 2, 6),
(186, 'SDS AL-MADANI', '-0.0716587', '109.358750', '0', '0', 2, 6),
(187, 'SDS BRUDER DAHLIA', '-0.0349448', '109.3427902', '0', '0', 2, 2),
(188, 'SDS BRUDER NUSA INDAH', '-0.036531,', '109.3334947', '0', '0', 2, 2),
(189, 'SDS ISLAMIYAH', '-0.0483902', '109.3570317', '0', '0', 2, 6),
(190, 'MTS AL ANWAR', '-0.0350299', '109.3275237', '0', '0', 3, 5),
(191, 'MTS AL HASANI', '-0.017293,', '109.2459772', '0', '0', 3, 4),
(192, 'MTS AL IHSAN', '-0.0013889', '109.3548895', '0', '0', 3, 5),
(193, 'MTS AL IRSYAD', '-0.0419882', '109.3625673', '0', '0', 3, 3),
(194, 'MTS AL MADANI', '-0.0718088', '109.358940', '0', '0', 3, 6),
(195, 'MTS AL-JIHAD', '-0.014417,', '109.327979', '0', '0', 3, 4),
(196, 'MTS AL-MUJTAHID', '-0.0054948', '109.3490151', '0', '0', 3, 5),
(197, 'MTS ASWAJA', '-0.0396967', '109.2668649', '0', '0', 3, 4),
(198, 'MTS DARUL KHAIRAT', '-0.034213,', '109.305793', '0', '0', 3, 1),
(199, 'MTS IKA PGA', '-0.0230736', '109.3231856', '0', '0', 3, 1),
(200, 'MTS ISLAMIYAH (YPI)', '-1.7817907', '104.076734', '0', '0', 3, 6),
(201, 'MTS MUJAHIDIN PONTIANAK', '-0.0427454', '109.3377985', '0', '0', 3, 2),
(202, 'MTS NAHDLATUS SYUBBAN', '-0.0143871', '109.3196138', '0', '0', 3, 4),
(203, 'MTS NEGERI 1 PONTIANAK', '-0.0316467', '109.3245386', '0', '0', 3, 1),
(204, 'MTS NEGERI 2 PONTIANAK', '-0.049915,', '109.316365', '0', '0', 3, 1),
(205, 'MTS NURUL ISLAM', '-0.0249282', '109.2831601', '0', '0', 3, 4),
(206, 'MTS SIRAJUL ULUM', '-0.057367,', '109.2897385', '0', '0', 3, 1),
(207, 'MTS WALISONGO', '-0.043374,', '109.1528843', '0', '0', 3, 1),
(208, 'SMP ABDI AGAPE PONTIANAK', '-0.012623 ', '109.346900', '0', '0', 3, 5),
(209, 'SMP BINA MULIA', '-0.048371 ', '109.356277', '0', '0', 3, 6),
(210, 'SMP BINA UTAMA PONTIANAK', '-0022654 ,', '109.313184', '0', '0', 3, 1),
(211, 'SMP BRUDER PONTIANAK', '-0.027528 ', '109.337451', '0', '0', 3, 1),
(212, 'SMP BUDI BAIK', '-0.031244 ', '109.339007', '0', '0', 3, 2),
(213, 'SMP DDI SULTAN SYARIF ABDURACHMAN', '-0.025175 ', '109.328551', '0', '0', 3, 1),
(214, 'SMP GEMBALA BAIK', '-0.069129 ', '109.359565', '0', '0', 3, 6),
(215, 'SMP HARUNIYYAH', '-0.035850 ', '109.352933', '0', '0', 3, 3),
(216, 'SMP ISLAM AL BAISUNY', '-0.050629 ', '109.304504', '0', '0', 3, 1),
(217, 'SMP ISLAM AL-AZHAR 17 PONTIANAK', '-0.058564 ', '109.351185', '0', '0', 3, 6),
(218, 'SMP ISLAM ASHABUL KAHFI', '-0.015981 ', '109.323766', '0', '0', 3, 5),
(219, 'SMP ISLAM BAWARI', '-0.017733 ', '109.332205', '0', '0', 3, 1),
(220, 'SMP ISLAM HUSNUL YAQIN', '-0.000834 ', '109.350664', '0', '0', 3, 5),
(221, 'SMP ISLAM SIRAJUN JADID', '-0.018750 ', '109.283499', '0', '0', 3, 4),
(222, 'SMP ISLAM TAZKIYAH', '-0.008505 ', '109.308714', '0', '0', 3, 4),
(223, 'SMP ISLAM WALISONGO', '-0.050652 ', '109.304514', '0', '0', 3, 1),
(224, 'SMP ISLAMIYAH PONTIANAK', '-0.048443 ', '109.356976', '0', '0', 3, 6),
(225, 'SMP IT AL MUMTAZ', '-0.038032 ', '109.311166', '0', '0', 3, 1),
(226, 'SMP KAPUAS PONTIANAK', '-0.016231 ', '109.311558', '0', '0', 3, 4),
(227, 'SMP KATOLIK SANTU PETRUS', '-0.037801 ', '109.331974', '0', '0', 3, 2),
(228, 'SMP KOPERASI PONTIANAK', '-0.013735 ', '109.328569', '0', '0', 3, 4),
(229, 'SMP KRISTEN ABDI WACANA', '-0.044504 ', '109.340772', '0', '0', 3, 2),
(230, 'SMP KRISTEN IMMANUEL', '-0.050117 ', '109.341355', '0', '0', 3, 2),
(231, 'SMP KRISTEN KALAM KUDUS', '-0.051218 ', '109.332335', '0', '0', 3, 2),
(232, 'SMP KRISTEN MARANATHA', '-0.018500 ', '109.344308', '0', '0', 3, 5),
(233, 'SMP KRISTEN PELITA HARAPAN', '-0.004935 ', '109.308737', '0', '0', 3, 4),
(234, 'SMP LKIA PONTIANAK', '-0.037391 ', '109.333832', '0', '0', 3, 2),
(235, 'SMP MANDIRI PONTIANAK', '-0.044697 ', '109.369068', '0', '0', 3, 2),
(236, 'SMP MUHAMMADIYAH 1', '-0.038943 ', '109.335175', '0', '0', 3, 2),
(237, 'SMP MUHAMMADIYAH 2', '-0.048078 ', '109.315716', '0', '0', 3, 1),
(238, 'SMP MUHAMMADIYAH 3', '-0.020117 ', '109.335056', '0', '0', 3, 1),
(239, 'SMP MUJAHIDIN PONTIANAK', '-0.043114 ', '109.337868', '0', '0', 3, 2),
(240, 'SMP NEGERI 01 PONTIANAK', '-0.026116 ', '109.332593', '0', '0', 3, 1),
(241, 'SMP NEGERI 01 PONTIANAK', '-0.026286 ', '109.331812', '0', '0', 3, 1),
(242, 'SMP NEGERI 02 PONTIANAK', '-0.049153 ', '109.319784', '0', '0', 3, 2),
(243, 'SMP NEGERI 04 PONTIANAK', '-0.030164 ', '109.352651', '0', '0', 3, 3),
(244, 'SMP NEGERI 05 PONTIANAK', '-0.018586 ', '109.328193', '0', '0', 3, 4),
(245, 'SMP NEGERI 06 PONTIANAK', '-0.055662 ', '109.332901', '0', '0', 3, 2),
(246, 'SMP NEGERI 07 PONTIANAK', '-0.008476 ', '109.334986', '0', '0', 3, 5),
(247, 'SMP NEGERI 08 PONTIANAK', '-0.078785 ', '109.348379', '0', '0', 3, 6),
(248, 'SMP NEGERI 09 PONTIANAK', '-0.039700 ', '109.314329', '0', '0', 3, 1),
(249, 'SMP NEGERI 10 PONTIANAK', '-0.037352 ', '109.340362', '0', '0', 3, 2),
(250, 'SMP NEGERI 11 PONTIANAK', '-0.037998 ', '109.333476', '0', '0', 3, 2),
(251, 'SMP NEGERI 12 PONTIANAK', '-0.019060 ', '109.311807', '0', '0', 3, 4),
(252, 'SMP NEGERI 13 PONTIANAK', '-0.012609 ', '109.308824', '0', '0', 3, 4),
(253, 'SMP NEGERI 15 PONTIANAK', '-0.007868 ', '109.309018', '0', '0', 3, 5),
(254, 'SMP NEGERI 16 PONTIANAK', '-0.015849 ', '109.315635', '0', '0', 3, 4),
(255, 'SMP NEGERI 17 PONTIANAK', '-0.024675 ', '109.293819', '0', '0', 3, 4),
(256, 'SMP NEGERI 18 PONTIANAK', '-0.002541 ', '109.369136', '0', '0', 3, 5),
(257, 'SMP NEGERI 19 PONTIANAK', '-0.052830 ', '109.301210', '0', '0', 3, 1),
(258, 'SMP NEGERI 20 PONTIANAK', '-0.010080 ', '109.333726', '0', '0', 3, 5),
(259, 'SMP NEGERI 21 PONTIANAK', '-0.050299 ', '109.371480', '0', '0', 3, 3),
(260, 'SMP NEGERI 22 PONTIANAK', '-0.058414 ', '109.329891', '0', '0', 3, 2),
(261, 'SMP NEGERI 23 PONTIANAK', '-0.035885 ', '109.336913', '0', '0', 3, 2),
(262, 'SMP NEGERI 24 PONTIANAK', '-0.024032 ', '109.334457', '0', '0', 3, 1),
(263, 'SMP NEGERI 25 PONTIANAK', '-0.015703 ', '109.366804', '0', '0', 3, 5),
(264, 'SMP NEGERI 26 PONTIANAK', '-0.025149 ', '109.367115', '0', '0', 3, 3),
(265, 'SMP NEGERI 28 PONTIANAK', '-0.017755 ', '109.367692', '0', '0', 3, 5),
(266, 'SMP PELITA CEMERLANG', '-0.055116 ', '109.344736', '0', '0', 3, 6),
(267, 'SMP PERTIWI', '-0.046879 ', '109.353384', '0', '0', 3, 6),
(268, 'SMP PESANTREN ASSALAM', '-0.032819 ', '109.292904', '0', '0', 3, 4),
(269, 'SMP PGRI 4 PONTIANAK', '-0.038385 ', '109.356203', '0', '0', 3, 3),
(270, 'SMP PUTRA KHATULISTIWA', '-0.006873 ', '109.340627', '0', '0', 3, 5),
(271, 'SMP RAHADI OSMAN', '-0.033207 ', '109.319896', '0', '0', 3, 1),
(272, 'SMP SANTO FRANSISKUS ASISI PONTIANAK', '-0.016736 ', '109.345751', '0', '0', 3, 5),
(273, 'SMP SUSTER PONTIANAK', '-0.025201 ', '109.336440', '0', '0', 3, 1),
(274, 'SMP SWASTA ISLAM NURUL IHSAN', '-0.007209 ', '109.343909', '0', '0', 3, 5),
(275, 'SMP TUNAS BHAKTI', '-0.009581 ', '109.309686', '0', '0', 3, 4),
(276, 'SMP TUNAS KARYA', '-0.016825 ', '109.361401', '0', '0', 3, 5),
(277, 'SMP YAKHALUSTI', '-0.030826 ', '109.367780', '0', '0', 3, 3),
(278, 'SMP YPK PONTIANAK', '-0.036489 ', '109.337870', '0', '0', 3, 2),
(279, 'SMPLB BINA ANAK BANGSA', '-0.052216 ', '109.307973', '0', '0', 3, 1),
(280, 'SMPLB-B DHARMA ASIH', '-0.068328 ', '109.359779', '0', '0', 3, 6),
(281, 'SMPLB-C DHARMA ASIH', '-0.068339 ', '109.359794', '0', '0', 3, 6),
(282, 'SMPS CAHAYA ANAK BANGSA', '-0.031264 ', '109.370428', '0', '0', 3, 3),
(283, 'MAS AL-IHSAN PONTIANAK', '-0.0012926', '109.355803', '0', '0', 4, 5),
(284, 'MAS AL-JIHAD ', '-0.0161714', '109.3163809', '0', '0', 4, 4),
(285, 'MAS DARUL KHAIRAT', '-0.0366975', '109.3084935', '0', '0', 4, 1),
(286, 'MAS ISLAMIYAH PONTIANK', '-0.0487223', '109.3565764', '0', '0', 4, 6),
(287, 'MAS MUJAHIDIN', '-0.0426379', '109.3357273', '0', '0', 4, 2),
(288, 'MAS SYARIF HIDAYATULLAH', '-0.0402653', '109.3386841', '0', '0', 4, 2),
(289, 'SMA AGAMA KRISTEN SETIA KOTA PONTIANAK', '-0.0023074', '109.3542942', '0', '0', 4, 5),
(290, 'SMA AL ISHLAH PONTIANAK', '-0.020477,', '109.312107', '0', '0', 4, 4),
(291, 'SMA BINA MULIA PONTIANAK', '-0.0571448', '109.3550922', '0', '0', 4, 6),
(292, 'SMA BINA UTAMA PONTIANAK', '-0.022649,', '109.3135046', '0', '0', 4, 1),
(293, 'SMA BOEDI OETOMO PONTIANAK', '-0.0715317', '109.354918', '0', '0', 4, 6),
(294, 'SMA GEMBALA BAIK PONTIANAK', '-0.068695,', '109.359045', '0', '0', 4, 6),
(295, 'SMA ISLAM AL-AZHAR 10 PONTIANAK', '-0.0586709', '109.351059', '0', '0', 4, 6),
(296, 'SMA Islam Al-Baisuny', '-0.0507477', '109.3044648', '0', '0', 4, 1),
(297, 'SMA ISLAM BAWARI', '-0.0219802', '109.329864', '0', '0', 4, 1),
(298, 'SMA ISLAM HARUNIYAH PONTIANAK', '-0.028881,', '109.3427925', '0', '0', 4, 3),
(299, 'SMA ISLAM HISADA', '-0.0125587', '109.3250232', '0', '0', 4, 5),
(300, 'SMA ISLAM WALISONGO PONTIANAK', '-0.047359,', '109.2917579', '0', '0', 4, 1),
(301, 'SMA ISLAMIYAH PONTIANAK', '-0.048376,', '109.3566106', '0', '0', 4, 6),
(302, 'SMA KAPUAS PONTIANAK', '-0.0164317', '109.3115565', '0', '0', 4, 4),
(303, 'SMA KATOLIK SANTU PETRUS PONTIANAK', '-0.037851,', '109.331992', '0', '0', 4, 2),
(304, 'SMA KI HAJAR DEWANTARA PONTIANAK', '-0.0096493', '109.3148436', '0', '0', 4, 4),
(305, 'SMA KOPERASI PONTIANAK', '-0.007431,', '109.3033272', '0', '0', 4, 4),
(306, 'SMA KRISTEN IMMANUEL', '-0.0507893', '109.3059672', '0', '0', 4, 2),
(307, 'SMA KRISTEN MARANATHA PONTIANAK', '-0.0185089', '109.34431', '0', '0', 4, 5),
(308, 'SMA MUHAMMADIYAH 1 PONTIANAK', '-0.0694296', '109.352272', '0', '0', 4, 6),
(309, 'SMA MUHAMMADIYAH 2 PONTIANAK', '-0.0481353', '109.3157565', '0', '0', 4, 1),
(310, 'SMA MUJAHIDIN PONTIANAK', '-0.0433251', '109.3376965', '0', '0', 4, 2),
(311, 'SMA NAHDLATUS SYUBBAN', '-0.0144238', '109.3020494', '0', '0', 4, 4),
(312, 'SMA NEGERI 10 PONTIANAK', '-0.058208,', '109.330286', '0', '0', 4, 2),
(313, 'SMA NEGERI 2 PONTIANAK', '-0.0153292', '109.3163973', '0', '0', 4, 4),
(314, 'SMA NEGERI 3 PONTIANAK', '-0.0365776', '109.3397673', '0', '0', 4, 2),
(315, 'SMA NEGERI 4 PONTIANAK', '-0.032942 ', '109.305682', '0', '0', 4, 1),
(316, 'SMA NEGERI 5 PONTIANAK', '-0.0020351', '109.3245998', '0', '0', 4, 5),
(317, 'SMA NEGERI 6 PONTIANAK', '-0.0393406', '109.3656922', '0', '0', 4, 3),
(318, 'SMA NEGERI 8 PONTIANAK', '-0.051165 ', '109.298472', '0', '0', 4, 1),
(319, 'SMA NEGERI 9 PONTIANAK', '-0.0492869', '109.3724306', '0', '0', 4, 3),
(320, 'SMA PANCA BHAKTI PONTIANAK', '-0.0224599', '109.316998', '0', '0', 4, 1),
(321, 'SMA PGRI 1 PONTIANAK', '-0.038278,', '109.3561', '0', '0', 4, 3),
(322, 'SMA SANTO FRANSISKUS ASISI PONTIANAK', '-0.0167425', '109.3457441', '0', '0', 4, 5),
(323, 'SMA SANTO PAULUS PONTIANAK', '-0.027496,', '109.3374305', '0', '0', 4, 1),
(324, 'SMA SANTUN UNTAN PONTIANAK', '-0.050848,', '109.3520797', '0', '0', 4, 6),
(325, 'SMA SULTAN SYARIF ABDURRAHMAN', '-0.0431917', '109.3307309', '0', '0', 4, 2),
(326, 'SMA TUNAS BHAKTI PONTIANAK', '-0.0095286', '109.3096754', '0', '0', 4, 4),
(327, 'SMA WISUDA PONTIANAK', '-0.0643808', '109.3062462', '0', '0', 4, 2),
(328, 'SMA YPK PONTIANAK', '-0.0363943', '109.3377648', '0', '0', 4, 2),
(329, 'SMALB BINA ANAK BANGSA', '-0.0522224', '109.3079746', '0', '0', 4, 1),
(330, 'SMALB-B DHARMA ASIH', '-0.068345,', '109.359791', '0', '0', 4, 6),
(331, 'SMALB-C DHARMA ASIH', '-0.068345,', '109.359791', '0', '0', 4, 6),
(332, 'SMK ABDI AGAPE PONTIANAK', '-0.0126178', '109.3447127', '0', '0', 5, 5),
(333, 'SMK AL MADANI PONTIANAK', '-0.067785,', '109.3601383', '0', '0', 5, 6),
(334, 'SMK BHINEKA TUNGGAL IKA PONTIANAK', '-0.009034,', '109.3387953', '0', '0', 5, 5),
(335, 'SMK BINA DHARMA', '-0.0069043', '109.3108633', '0', '0', 5, 4),
(336, 'SMK BINA UTAMA PONTIANAK', '-0.0227678', '109.3114631', '0', '0', 5, 1),
(337, 'SMK BOEDI OETOMO PONTIANAK', '-0.0717179', '109.352884', '0', '0', 5, 6),
(338, 'SMK CINTA BUMI KHATULISTIWA PONTIANAK', '-0.0115814', '109.3627059', '0', '0', 5, 5),
(339, 'SMK ETHIKA PONTIANAK', '-0.046928 ', '109.339373', '0', '0', 5, 4),
(340, 'SMK KESEHATAN REFORMASI', '-0.057538 ', '109.325911', '0', '0', 5, 2),
(341, 'SMK KOPERASI PONTIANAK', '-0.007134 ', '109.305093', '0', '0', 5, 4),
(342, 'SMK KRISTEN IMMANUEL', '-0.050873 ', '109.341879', '0', '0', 5, 2),
(343, 'SMK LKIA PONTIANAK', '-0.037567 ', '109.333684', '0', '0', 5, 2),
(344, 'SMK MANDIRI PONTIANAK', '-0.044730 ', '109.369063', '0', '0', 5, 3),
(345, 'SMK MUHAMMADIYAH 2 PONTIANAK', '-0.048131 ', '109.315797', '0', '0', 5, 1),
(346, 'SMK MUHAMMADIYAH PONTIANAK', '-0.004499 ', '109.301585', '0', '0', 5, 4),
(347, 'SMK NEGERI 1 PONTIANAK', '-0.026106 ', '109.332593', '0', '0', 5, 1),
(348, 'SMK NEGERI 2 PONTIANAK', '-0.049142 ', '109.319792', '0', '0', 5, 5),
(349, 'SMK NEGERI 3 PONTIANAK', '-0.041916 ', '109.328567', '0', '0', 5, 2),
(350, 'SMK NEGERI 4 PONTIANAK', '-0.030157 ', '109.352654', '0', '0', 5, 4),
(351, 'SMK NEGERI 5 PONTIANAK', '-0.018579 ', '109.328196', '0', '0', 5, 2),
(352, 'SMK NEGERI 6 PONTIANAK', '-0.055641 ', '109.332903', '0', '0', 5, 5),
(353, 'SMK NEGERI 7 PONTIANAK', '-0.008496 ', '109.334978', '0', '0', 5, 3),
(354, 'SMK NEGERI 8 PONTIANAK', '-0.006084 ', '109.350926', '0', '0', 5, 5),
(355, 'SMK NEGERI 9 PONTIANAK', '-0.025663 ', '109.292163', '0', '0', 5, 4),
(356, 'SMK PELAYARAN PEMBANGUNAN', '-0.007960 ', '109.296251', '0', '0', 5, 4),
(357, 'SMK PGRI PONTIANAK', '-0.032079 ', '109.324549', '0', '0', 5, 1),
(358, 'SMK PUTRA KHATULISTIWA PONTIANAK', '-0.006654 ', '109.340982', '0', '0', 5, 5),
(359, 'SMK RAHADI OSMAN PONTIANAK', '-0.033707 ', '109.319911', '0', '0', 5, 1),
(360, 'SMK SANTA MARIA PONTIANAK', '-0.037530 ', '109.332035', '0', '0', 5, 2),
(361, 'SMK SMTI PONTIANAK', '-0.044780 ', '109.327396', '0', '0', 5, 2),
(362, 'SMK YPK PONTIANAK', '-0.036436 ', '109.337809', '0', '0', 5, 2);

-- --------------------------------------------------------

--
-- Struktur dari tabel `bangunan_kategori`
--

CREATE TABLE `bangunan_kategori` (
  `kategori_id` int(4) NOT NULL,
  `kategori_nama` varchar(128) NOT NULL,
  `kategori_nama_panjang` varchar(128) NOT NULL,
  `kategori_icon` varchar(255) DEFAULT NULL
) ENGINE=InnoDB DEFAULT CHARSET=utf8;

--
-- Dumping data untuk tabel `bangunan_kategori`
--

INSERT INTO `bangunan_kategori` (`kategori_id`, `kategori_nama`, `kategori_nama_panjang`, `kategori_icon`) VALUES
(1, 'Lain', 'Lain-Lain', 'tk.png'),
(2, 'SD/MI', 'Sekolah Dasar', 'sd.png'),
(3, 'SMP/MTS', 'Sekolah Menengah Pertama', 'smp.png'),
(4, 'SMA/MA', 'Sekolah Menengah Atas', 'sma.png'),
(5, 'SMK', 'Sekolah Menengah Kejuruan', 'lainlain.png');

-- --------------------------------------------------------

--
-- Struktur dari tabel `kecamatan`
--

CREATE TABLE `kecamatan` (
  `id` int(11) NOT NULL,
  `nama_kecamatan` varchar(128) NOT NULL,
  `jumlah_sekolah` varchar(128) NOT NULL,
  `jumlah_siswa` varchar(128) NOT NULL
) ENGINE=InnoDB DEFAULT CHARSET=utf8;

--
-- Dumping data untuk tabel `kecamatan`
--

INSERT INTO `kecamatan` (`id`, `nama_kecamatan`, `jumlah_sekolah`, `jumlah_siswa`) VALUES
(1, 'Pontianak Kota', '30', '15000'),
(2, 'Pontianak Selatan', '40', '20000'),
(3, 'Pontianak Timur', '21', '80000'),
(4, 'Pontianak Barat', '22', '4000'),
(5, 'Pontianak Utara', '33', '10000'),
(6, 'Pontianak Tenggara', '30', '12000');

--
-- Indexes for dumped tables
--

--
-- Indeks untuk tabel `bangunan`
--
ALTER TABLE `bangunan`
  ADD PRIMARY KEY (`bangunan_id`);
ALTER TABLE `bangunan` ADD FULLTEXT KEY `bangunan_nama` (`bangunan_nama`);

--
-- Indeks untuk tabel `bangunan_kategori`
--
ALTER TABLE `bangunan_kategori`
  ADD PRIMARY KEY (`kategori_id`);

--
-- Indeks untuk tabel `kecamatan`
--
ALTER TABLE `kecamatan`
  ADD PRIMARY KEY (`id`);

--
-- AUTO_INCREMENT untuk tabel yang dibuang
--

--
-- AUTO_INCREMENT untuk tabel `bangunan`
--
ALTER TABLE `bangunan`
  MODIFY `bangunan_id` int(11) NOT NULL AUTO_INCREMENT, AUTO_INCREMENT=363;

--
-- AUTO_INCREMENT untuk tabel `bangunan_kategori`
--
ALTER TABLE `bangunan_kategori`
  MODIFY `kategori_id` int(4) NOT NULL AUTO_INCREMENT, AUTO_INCREMENT=6;

--
-- AUTO_INCREMENT untuk tabel `kecamatan`
--
ALTER TABLE `kecamatan`
  MODIFY `id` int(11) NOT NULL AUTO_INCREMENT, AUTO_INCREMENT=7;
COMMIT;

/*!40101 SET CHARACTER_SET_CLIENT=@OLD_CHARACTER_SET_CLIENT */;
/*!40101 SET CHARACTER_SET_RESULTS=@OLD_CHARACTER_SET_RESULTS */;
/*!40101 SET COLLATION_CONNECTION=@OLD_COLLATION_CONNECTION */;
